url,title,author,date,sitename,source,word_count,scraped_at
https://www.lejsl.com/encadres/2025/09/02/rester-tout-le-proces-m-a-permis-de-mettre-de-la-nuance,"Bourgogne. Viols de Mazan : au cœur du procès, le dessinateur ZZIIGG raconte",Frédéric Joly,2025-09-03,,Le JSL,226,2026-05-28T14:03:54.598638
https://www.bienpublic.com/encadres/2025/09/02/rester-tout-le-proces-m-a-permis-de-mettre-de-la-nuance,"Côte-d’Or. ZZIIGG, un témoin clé au cœur du procès des viols de Mazan",Frédéric Joly,2025-09-02,,Bien Public,230,2026-05-28T14:03:59.074376
https://www.tf1info.fr/transports/tout-conducteur-doit-marquer-l-arret-devant-un-feu-de-signalisation-jaune-passer-au-feu-orange-peut-vous-valoir-une-contravention-sauf-dans-certaines-situations-2301704.html,"""Tout conducteur doit marquer l'arrêt devant un feu de signalisation jaune"" : passer au feu orange peut vous valoir une contravention sauf dans certaines situations | TF1 Info",Marie BOUISSEREN,2026-05-27,,TF1 Info,531,2026-05-28T14:04:03.078869
https://www.tf1info.fr/societe/c-est-un-nid-a-bacteries-les-conseils-pour-bien-nettoyer-sa-gourde-et-eviter-la-proliferation-de-germes-2302106.html,C'est un nid à bactéries : les conseils pour bien nettoyer sa gourde et éviter la prolifération de germes | TF1 Info,Sabine BOUCHOUL,2026-05-26,,TF1 Info,471,2026-05-28T14:04:05.962773
https://www.tf1info.fr/international/en-direct-guerre-moyen-orient-aujourd-hui-trump-nouvelles-frappes-americaines-iran-accord-de-paix-ormuz-pays-du-golfe-les-informations-du-mercredi-27-mai-2026-2443735.html,"Moyen-Orient : l'Iran juge peu probable une reprise de la guerre, Trump demande plus de concessions pour un accord... le résumé du 27 mai | TF1 Info",La rédaction de TF,2026-05-27,,TF1 Info,1864,2026-05-28T14:04:09.294314
https://www.tf1info.fr/conso/c-est-largement-suffisant-pour-vous-rafraichir-une-experte-livre-ses-conseils-pour-choisir-la-meilleure-climatisation-a-installer-chez-vous-2443542.html,"""C’est largement suffisant pour vous rafraîchir"" : une experte livre ses conseils pour choisir la meilleure climatisation à installer chez vous | TF1 Info",Tanguy JAILLANT; Maud DESCAMPS,2026-05-26,,TF1 Info,400,2026-05-28T14:04:12.196025
https://www.tf1info.fr/conso-argent/la-succession-retablit-l-egalite-entre-les-enfants-ce-que-vos-parents-vous-ont-donne-de-leur-vivant-peut-changer-le-partage-de-l-heritage-2443034.html,"""La succession rétablit l’égalité entre les enfants"" : ce que vos parents vous ont donné de leur vivant peut changer le partage de l'héritage | TF1 Info",Geoffrey LOPES,2026-05-25,,TF1 Info,831,2026-05-28T14:04:14.572094
https://www.tf1info.fr/justice-faits-divers/video-reportage-tf1-on-est-bouleverse-un-enfant-de-9-ans-vivait-enferme-dans-un-placard-la-voisine-qui-a-donne-l-alerte-temoigne-2443830.html,"""On est bouleversés"" : un enfant de 9 ans vivait enfermé dans un placard, la voisine qui a donné l'alerte témoigne | TF1 Info",La rédaction de TF,2026-05-27,,TF1 Info,396,2026-05-28T14:04:17.103124
https://www.tf1info.fr/sante/qu-est-ce-que-la-forme-fulgurante-de-la-maladie-de-charcot-qui-a-emporte-le-comedien-pierre-deny-2443891.html,"Qu'est-ce que la forme ""fulgurante"" de la maladie de Charcot qui a emporté le comédien Pierre Deny ? | TF1 Info",Virginie FAUROUX,2026-05-27,,TF1 Info,580,2026-05-28T14:04:19.551212
https://www.tf1info.fr/meteo/direct-meteo-france-vague-de-chaleur-alertes-orange-canicule-departements-les-dernieres-informations-mercredi-27-mai-2026-2443729.html,Canicule : Paris et la petite couronne placés à leur tour en vigilance orange | TF1 Info,La rédaction de TF,2026-05-27,,TF1 Info,4201,2026-05-28T14:04:22.612033
https://www.tf1info.fr/international/direct-guerre-moyen-orient-aujourd-hui-trump-iran-accord-de-paix-ormuz-pays-du-golfe-les-informations-du-jeudi-28-mai-2026-2443946.html,"EN DIRECT - Iran : les Gardiens de la révolution promettent une ""riposte ferme"" en cas de nouvelle attaque américaine | TF1 Info",La rédaction de TF,2026-05-28,,TF1 Info,2201,2026-05-28T14:04:25.580961
https://www.tf1info.fr/culture/la-chaleur-quelle-chaleur-charles-iii-fait-fi-de-la-meteo-pour-venir-a-la-rescousse-des-ecureuils-roux-2443683.html,"La chaleur, quelle chaleur ? Charles III fait fi de la météo pour venir à la rescousse des écureuils roux | TF1 Info",La rédaction de TF,2026-05-26,,TF1 Info,606,2026-05-28T14:04:27.965395
https://www.tf1info.fr/international/suisse-attaque-a-l-arme-blanche-pres-de-zurich-trois-personnes-blessees-2444034.html,"Suisse : attaque à l'arme blanche près de Zurich, trois personnes blessées | TF1 Info",I N,2026-05-28,,TF1 Info,304,2026-05-28T14:04:30.579297
https://www.tf1info.fr/education/episode-caniculaire-fortes-chaleurs-pres-de-195000-lyceens-planchent-sur-le-bac-professionnel-les-etablissements-prennent-des-mesures-2444035.html,"Épisode caniculaire : près de 195.000 lycéens planchent sur le bac professionnel, les établissements prennent des mesures | TF1 Info",Mael NARPON,2026-05-28,,TF1 Info,292,2026-05-28T14:04:33.243396
https://www.tf1info.fr/meteo/video-reportage-cerences-une-atmosphere-plus-chaude-et-propice-a-des-precipitations-extremes-nombreux-degats-apres-un-episode-orageux-en-normandie-2444046.html,Des grêlons de la taille d'une balle de golf : nombreux dégâts après un épisode orageux en Normandie | TF1 Info,La rédaction de TF,2026-05-28,,TF1 Info,409,2026-05-28T14:04:35.733595
https://www.tf1info.fr/societe/c-est-decevant-de-se-retrouver-avec-de-toutes-petites-fraises-un-jardinier-devoile-ses-secrets-pour-doubler-votre-production-de-fraises-cette-saison-2443996.html,"""C'est décevant de se retrouver avec de toutes petites fraises"" : un jardinier dévoile ses secrets pour doubler votre production de fraises cette saison | TF1 Info",J M; Pierre BERGHOF,2026-05-28,,TF1 Info,401,2026-05-28T14:04:38.155165
https://www.tf1info.fr/politique/le-code-noir-abroge-a-l-unanimite-par-les-deputes-178-ans-apres-l-abolition-de-l-esclavage-2444043.html,"L'Assemblée nationale vote à l'unanimité l'abrogation du ""Code noir"", 178 ans après l'abolition de l'esclavage | TF1 Info",Malika CHEKLAL,2026-05-28,,TF1 Info,238,2026-05-28T14:04:40.631007
https://www.tf1info.fr/meteo/vague-de-chaleur-rome-et-trois-autres-villes-italiennes-placees-en-alerte-rouge-2444033.html,Vague de chaleur en Europe : Rome et quatre autres villes italiennes en alerte rouge | TF1 Info,Victor GAUTIER,2026-05-28,,TF1 Info,282,2026-05-28T14:04:43.071931
https://www.tf1info.fr/conso-argent/video-reportage-ma-voisine-nourrit-les-pigeons-qui-salissent-nos-balcons-en-a-t-elle-le-droit-le-13h-a-vos-cotes-avec-marie-sophie-lacarrau-et-valentin-depret-2444032.html,"Ma voisine nourrit les pigeons qui salissent nos balcons, en a-t-elle le droit ? Le 13H à vos côtés | TF1 Info",Valentin DEPRET,2026-05-28,,TF1 Info,438,2026-05-28T14:04:45.669431
https://www.tf1info.fr/nutrition/bon-et-pas-cher-la-recette-de-saison-du-crumble-fraise-rhubarbe-a-realiser-en-famille-2440101.html,"Bon et pas cher : la recette gourmande et de saison du crumble fraise rhubarbe, à réaliser en famille | TF1 Info",C F,2026-05-07,,TF1 Info,392,2026-05-28T14:04:48.116591
https://www.tf1info.fr/culture/le-sosie-de-pierre-niney-ce-coiffeur-enflamme-les-reseaux-sociaux-en-raison-de-sa-ressemblance-frappante-avec-l-acteur-2444040.html,Le sosie de Pierre Niney ? Ce coiffeur enflamme les réseaux sociaux en raison de sa ressemblance frappante avec l'acteur | TF1 Info,Mael NARPON,2026-05-28,,TF1 Info,182,2026-05-28T14:04:50.532704
https://www.tf1info.fr/justice-faits-divers/detournements-de-fonds-publics-patrick-balkany-condamne-a-de-la-prison-ferme-2444085.html,Détournements de fonds publics : Patrick Balkany condamné à de la prison ferme | TF1 Info,La rédaction de TF,2026-05-28,,TF1 Info,248,2026-05-28T14:04:53.024437
https://www.tf1info.fr/votre-plus-beau-marche/votre-plus-beau-marche-2026-le-marche-de-la-mure-du-fromage-et-de-la-viande-d-altitude-2437954.html,"Votre plus beau marché 2026 : le marché de la Mure, du fromage et de la viande d’altitude | TF1 Info",Geoffrey LOPES,2026-05-28,,TF1 Info,550,2026-05-28T14:04:55.609750
https://www.tf1info.fr/justice-faits-divers/video-reportage-arnaque-c-est-de-la-fraude-en-bande-organisee-les-faux-audioprothesistes-dans-le-viseur-de-l-assurance-maladie-2443947.html,"""C'est de la fraude en bande organisée"" : les faux audioprothésistes dans le viseur de l'Assurance maladie | TF1 Info",La rédaction de TF,2026-05-28,,TF1 Info,839,2026-05-28T14:04:58.181575
https://www.tf1info.fr/politique/presidentielle-2027-francois-hollande-candidat-l-ex-chef-de-l-etat-le-dira-en-decembre-2444055.html,"François Hollande candidat en 2027 ? L'ex-chef de l'État le dira ""en décembre"" | TF1 Info",I N,2026-05-28,,TF1 Info,417,2026-05-28T14:05:00.695797
