url,source,statut,nb_mots,score_pertinence,date
https://www.le-pays.fr/clayette-71800/faits-divers/le-proces-de-valerie-bacot-accusee-davoir-tue-son-mari-avant-de-lenterrer-a-la-clayette-reporte_13779036/,Le Pays Roannais,erreur,0,0,
https://www.telestar.fr/actu-tv/temoignage.-janine-bonaggiunta-une-femme-qui-a-subi-des-violences-est-une-victime-avant-d-etre-une-criminelle-540701,Télé Star,retenu,763,3,2020-09-30
https://www.le-pays.fr/clayette-71800/faits-divers/mort-de-jacqueline-sauvage-l-emotion-de-ses-avocates_13818682/,Le Pays Roannais,erreur,0,0,
https://www.femmeactuelle.fr/actu/news-actu/video-c-a-vous-les-confidences-de-sara-forestier-sur-son-ancien-compagnon-qui-la-battait-2091864,Femme Actuelle,hors_sujet,357,0,2020-03-10
https://www.lefigaro.fr/faits-divers/saone-et-loire-valerie-bacot-jugee-pour-avoir-assassine-son-mari-violent-20210621,Le Figaro,retenu,563,5,2021-06-21
https://www.macommune.info/violee-battue-prostituee-valerie-bacot-jugee-pour-avoir-tue-son-mari-bourreau/,maCommune.info,retenu,394,5,2026-06-11
https://www.bfmtv.com/police-justice/pour-l-avocate-de-valerie-bacot-c-est-une-femme-qui-vit-la-terreur-d-une-maniere-incroyable_VN-202106210490.html,BFM,trop_court,28,0,2021-06-21
https://www.lejsl.com/faits-divers-justice/2021/05/09/avant-les-jures-valerie-bacot-s-adresse-a-l-opinion,Le JSL,retenu,812,5,2021-05-09
https://www.ledauphine.com/faits-divers-justice/2021/06/21/violee-battue-prostituee-valerie-bacot-raconte-son-enfer-extreme,Le Dauphiné Libéré,retenu,751,4,2021-06-21
https://www.lejsl.com/faits-divers-justice/2021/06/16/valerie-bacot-jacqueline-sauvage-alexandra-lange-meme-combat,Le JSL,retenu,975,5,2021-06-16
https://www.lavoixdunord.fr/1001300/article/2021-05-10/sept-huit-l-enfer-de-valerie-bacot-qui-fini-par-tuer-son-mari-un-temoignage,La Voix du Nord,erreur,0,0,
https://www.bienpublic.com/faits-divers-justice/2021/06/21/saone-et-loire-le-proces-de-valerie-s-est-ouvert-ce-lundi-matin,Le Bien Public,trop_court,123,0,2021-06-21
https://www.ledauphine.com/faits-divers-justice/2021/06/21/ouverture-du-proces-de-valerie-bacot-une-femme-devenue-symbole,Le Dauphiné Libéré,trop_court,111,0,2021-06-21
https://www.bienpublic.com/faits-divers-justice/2021/06/20/proces-de-valerie-bacot-l-heure-de-la-verite-judiciaire,Le Bien Public,retenu,222,5,2021-06-20
https://www.vibration.fr/news/bourgogne-violee-battue-et-prostituee-par-son-mari-une-femme-jugee-pour-assassinat-44490,Vibration.fr,retenu,418,3,2021-06-21
https://www.elle.fr/Societe/News/Valerie-Bacot-Personne-ne-merite-une-vie-comme-ca-3928992,ELLE,retenu,177,4,2021-06-21
https://mcetv.ouest-france.fr/2021/kelly-vedovelli-sengage-a-fond-pour-la-liberte-de-valerie-bacot-11052021/,MCE TV,retenu,599,4,2021-05-11
https://www.sudouest.fr/justice/proces-de-valerie-bacot-je-fais-ce-qu-il-dit-vaut-mieux-l-accusee-raconte-l-emprise-de-son-mari-proxenete-3862393.php,Sud Ouest,retenu,651,4,2021-06-21
https://www.charentelibre.fr/societe/justice/justice-le-proces-de-valerie-bacot-qui-a-tue-son-mari-violent-et-proxenete-a-debute-3862529.php,Charente Libre,retenu,707,4,2021-06-21
https://www.ici.fr/infos/faits-divers-justice/proces-de-valerie-bacot-ses-enfants-accusent-les-gendarmes-de-n-avoir-rien-fait-1624367999,ici.fr,retenu,905,6,2021-06-22
https://www.franceinfo.fr/societe/violences-faites-aux-femmes/valerie-bacot-le-recit-de-sa-vie-publie-dans-un-ouvrage_4673965.html,franceinfo,retenu,578,4,2021-06-22
https://charolais-news.com/faits-divers/36466-assises-de-saone-et-loire-le-proces-de-valerie-bacot.html,Charolais News,retenu,367,3,2021-06-22
https://www.7sur7.be/faits-divers/le-proces-de-valerie-bacot-jugee-pour-avoir-tue-son-mari-apres-25-ans-de-calvaire-insoutenable~af0391e6/204196087/,7sur7.be,erreur,0,0,
https://www.bfmtv.com/police-justice/proces-de-valerie-bacot-ses-enfants-prennent-sa-defense_VN-202106230022.html,BFM,trop_court,85,0,2021-06-23
https://www.info-chalon.com/articles/2021/06/23/50622/proces-de-valerie-bacot-quand-on-me-dit-qu-il-a-disparu-honnetement-je-m-en-fous/,Info-Chalon.com,hors_sujet,1577,1,2021-06-23
https://ionnews.mu/france-valerie-bacot-une-femme-battue-jugee-pour-avoir-tue-son-mari/,ionnews,retenu,515,4,2021-06-22
https://www.lefigaro.fr/faits-divers/proces-de-valerie-bacot-pour-l-assassinat-de-son-mari-le-role-trouble-de-la-mere-de-l-accusee-20210623,Le Figaro,retenu,224,4,2021-06-23
https://www.tf1info.fr/justice-faits-divers/proces-de-valerie-bacot-je-voudrais-bien-pouvoir-faire-marche-arriere-affirme-sa-mere-2189612.html,TF1 Info,retenu,824,4,2021-06-24
https://www.bfmtv.com/police-justice/proces-de-valerie-bacot-l-accusee-demande-pardon-a-ses-enfants-son-avocate-reclame-l-acquittement_AV-202106250283.html,BFM,retenu,413,3,2021-06-25
https://lpost.be/police-justice/valerie-bacot-un-verdict-symbolique-face-aux-violencesconjugales/,L-Post,retenu,216,4,2021-06-26
https://www.bienpublic.com/faits-divers-justice/2021/06/25/proces-de-valerie-bacot-le-verdict-attendu-d-ici-ce-soir,Le Bien Public,retenu,259,4,2021-06-25
https://www.bfmtv.com/replay-emissions/bfm-story/story-3-proces-de-valerie-bacot-l-heure-du-verdict-25-06_VN-202106250371.html,BFM,trop_court,141,0,2021-06-25
https://www.bfmtv.com/police-justice/me-nathalie-tomasini-avocate-de-valerie-bacot-le-verdict-des-jures-de-la-cour-d-assises-de-chalon-sur-saone-fera-date_VN-202106250462.html,BFM,trop_court,74,0,2021-06-25
https://www.tf1info.fr/justice-faits-divers/video-valerie-bacot-jugee-pour-avoir-tue-son-mari-violent-le-recit-du-premier-jour-d-audience-2189415.html,TF1 Info,retenu,561,5,2021-06-22
https://charolais-news.com/faits-divers/36550-assises-de-saone-et-loire-proces-de-valerie-bacot-5.html,Charolais News,retenu,1727,4,2021-06-25
https://www.ici.fr/infos/faits-divers-justice/devant-les-assises-de-saone-et-loire-l-accusation-demande-la-clemence-pour-valerie-bacot-1624613342,ici.fr,retenu,397,3,2021-06-25
https://www.midilibre.fr/2021/07/04/la-chronique-de-christine-clerc-lettre-a-valerie-bacot-9649871.php,Midi Libre,retenu,443,5,2021-07-04
https://www.parismatch.com/Actu/Societe/Exclusif-Valerie-Bacot-J-en-veux-a-ceux-qui-nous-ont-tourne-le-dos-1746568,parismatch.com,retenu,348,3,2021-07-06
https://www.bienpublic.com/faits-divers-justice/2021/07/15/affaire-bacot-la-mere-de-valerie-porte-plainte-pour-diffamation-contre-sa-fille,Le Bien Public,retenu,192,4,2021-07-15
https://www.ladepeche.fr/2021/07/15/la-mere-de-valerie-bacot-assigne-sa-fille-et-son-editeur-pour-diffamation-9673796.php,ladepeche.fr,retenu,326,4,2021-07-15
https://www.republicain-lorrain.fr/faits-divers-justice/2021/07/15/la-mere-de-valerie-bacot-poursuit-sa-fille-pour-diffamation,Le Républicain Lorrain,retenu,412,4,2021-07-15
https://www.reforme.net/actualites/lambert-bacot-sauvage-la-mediatisation-des-affaires-influence-t-elle-les-legislations/,reforme.net,retenu,662,3,2021-07-19
https://www.bfmtv.com/replay-emissions/affaire-suivante-les-inedits/l-affaire-valerie-bacot_VN-202107260274.html,BFM,trop_court,43,0,2021-07-26
https://www.lejsl.com/faits-divers-justice/2021/07/15/la-mere-de-valerie-bacot-contre-attaque,Le JSL,retenu,452,5,2021-07-15
https://www.corsematin.com/articles/janine-bonaggiunta-avocate-corse-pour-valerie-bacot-la-loi-cetait-celle-de-son-bourreau-119185,Corse Matin,retenu,1244,4,2021-07-22
https://www.lejsl.com/faits-divers-justice/2021/07/20/attaque-en-justice-pour-injures-a-propos-de-la-mere-de-valerie-bacot-le-tribunal-rendra-son-delibere-le-27-juillet,Le JSL,retenu,193,4,2021-07-20
https://charliehebdo.fr/2021/06/societe/tech/valerie-bacot-conte-bestialite-ordinaire/,Charlie Hebdo,retenu,161,4,2021-05-16
https://www.lejsl.com/faits-divers-justice/2021/07/20/injures-sur-facebook-la-mere-de-valerie-bacot-devra-attendre,Le JSL,retenu,183,4,2021-07-20
https://www.bienpublic.com/faits-divers-justice/2021/07/27/le-refere-pour-injures-contre-la-mere-de-valerie-bacot-rejete-frsu,Le Bien Public,trop_court,117,0,2021-07-27
https://www.leprogres.fr/faits-divers-justice/2021/07/20/affaire-bacot-une-ledonienne-et-sa-page-facebook-devant-la-justice,Le Progrès,trop_court,136,0,2021-07-20
https://www.lenouveaudetective.com/enquetes/ce-proces-cest-mon-dernier-combat-contre-lui,Le Nouveau Détective,retenu,2265,5,2021-06-30
https://www.larepubliquedespyrenees.fr/societe/afp/je-fais-ce-qu-il-dit-vaut-mieux-valerie-bacot-raconte-l-emprise-de-son-mari-proxenete-5248115.php,La République des Pyrénées,retenu,636,4,2021-06-21
https://www.huffingtonpost.fr/life/article/valerie-bacot-enceinte-a-17-ans-de-son-beau-pere-un-moment-charniere_183050.html,Le HuffPost,retenu,911,4,2021-06-25
https://www.lindependant.fr/2021/06/25/violentee-et-prostituee-par-son-mari-valerie-bacot-condamnee-pour-son-meurtre-mais-ne-retournera-pas-en-prison-9631429.php,L'Indépendant,retenu,259,3,2021-06-25
https://www.le-pays.fr/paris-75000/faits-divers/valerie-bacot-exprime-sa-rancur-vis-a-vis-de-certains-gendarmes_14007964/,Le Pays Roannais,erreur,0,0,
https://www.linfo.re/france/societe/syndrome-de-la-femme-battue-le-temoignage-de-valerie-bacot-au-senat,Linfo.re,retenu,306,4,2021-11-06
https://www.bienpublic.com/faits-divers-justice/2021/11/06/valerie-bacot-condamnee-pour-avoir-tue-son-mari-violent-et-proxenete-a-la-clayette-je-vis-toujours-dans-le-passe-mais-je-veux-avancer,Le Bien Public,hors_sujet,164,0,2021-11-06
https://www.revolutionpermanente.fr/Valerie-Bacot-face-a-la-police-et-a-Schiappa-J-ai-beaucoup-de-rancoeur-envers-les-gendarmes,Revolution Permanente,retenu,498,3,2021-09-07
https://www.sudouest.fr/faits-divers/neuf-ans-requis-pour-laurence-s-jugee-pour-le-meurtre-de-son-mari-violent-6320573.php,Sud Ouest,hors_sujet,504,0,2021-10-01
https://www.ouest-france.fr/normandie-pour-la-paix/entretien-dans-l-objectif-de-sylvia-galmot-les-femmes-sont-libres-et-egales-c3ce36ea-1797-11ec-980f-18f5c72f36bc,Ouest-France,erreur,0,0,
https://www.leprogres.fr/faits-divers-justice/2021/09/24/nathalie-tomasini-pourquoi-elle-accuse-eric-dupond-moretti,Le Progrès,retenu,156,3,2021-09-24
https://www.femmeactuelle.fr/actu/news-actu/taxi-5-said-bogota-ecope-de-16-ans-de-prison-pour-tentative-de-meurtre-2120158,Femme Actuelle,hors_sujet,371,0,2021-09-22
"https://www.marieclaire.fr/nord-une-jeune-femme-violee-et-menacee-de-mort-demande-de-l-aide-aux-bailleurs-sociaux,1400233.asp",Marie Claire,retenu,820,3,2021-09-09
https://madame.lefigaro.fr/societe/mariees-surtout-pour-le-pire-reportage-aux-philippines-le-pays-du-divorce-interdit-030921-197873,Madame Figaro,retenu,1847,4,2021-09-13
https://www.programme-tv.net/news/tv/284296-valerie-bacot-pourquoi-jai-tue-mon-mari-rmc-story-dans-lintimite-de-la-mere-avant-son-jugement/,programme-tv.net,retenu,353,4,2021-10-08
https://osezlefeminisme.fr/affaire-alexandra-richard-la-cour-dappel-de-rouen-emprisonne-les-victimes/,Osez le feminisme,retenu,547,3,2021-10-14
https://www.cnews.fr/france/2021-10-19/tout-savoir-sur-laffaire-alexandra-richard-condamnee-10-ans-de-prison-pour-le,CNews,retenu,737,3,2021-10-19
https://www.liberation.fr/societe/police-justice/alexandra-richard-de-nouveau-condamnee-en-appel-a-dix-ans-de-prison-pour-avoir-tue-son-conjoint-violent-20211024_6AJ74UZSIZD3HECQUKHJGSUNYI/,Libération,erreur,0,0,
https://www.lefigaro.fr/faits-divers/dix-ans-requis-en-appel-contre-une-alexandra-richard-accusee-d-avoir-tue-son-conjoint-violent-20211023,Le Figaro,retenu,695,3,2021-10-23
https://www.madmoizelle.com/au-senat-valerie-bacot-lutte-pour-faire-reconnaitre-le-syndrome-de-la-femme-battue-1211340,Madmoizelle,retenu,500,4,2021-11-08
https://www.republicain-lorrain.fr/faits-divers-justice/2021/11/08/valerie-bacot-victime-de-l-enfer-des-violences-faites-aux-femmes-a-metz-le-26-novembre,Le Républicain Lorrain,trop_court,129,0,2021-11-08
https://www.estrepublicain.fr/faits-divers-justice/2021/11/15/deux-conferences-de-valerie-bacot,L'Est Républicain,trop_court,84,0,2021-11-15
https://www.lejsl.com/culture-loisirs/2021/11/04/valerie-bacot-face-au-public-pour-raconter-son-histoire,Le JSL,trop_court,114,0,2021-11-04
https://www.estrepublicain.fr/faits-divers-justice/2021/11/27/violee-battue-mais-toujours-debout-la-lecon-de-survie-de-valerie-bacot-aux-eleves-de-saint-dominique,L'Est Républicain,retenu,153,3,2021-11-27
https://radioscoop.com/infos/retro-2021-ces-grandes-affaires-judiciaires-qui-ont-marque-l-annee-dans-la-region_233045,Radio SCOOP,retenu,370,4,2021-12-28
https://www.elle.fr/Love-Sexe/Psycho/Comment-sortir-de-l-emprise-3977305,ELLE,trop_court,77,0,2023-05-24
https://www.lanouvellerepublique.fr/a-la-une/sarah-durieux-veut-changer-le-monde-avec-methode,lanouvellerepublique.fr,hors_sujet,1375,0,2021-12-04
https://www.lejsl.com/faits-divers-justice/2022/03/29/crime-de-la-clayette-le-prix-varenne-a-ete-remis-a-notre-confrere-jim-gassmann,Le JSL,trop_court,119,0,2022-03-29
https://www.lepoint.fr/societe/feminicide-a-douai-de-possibles-manquements-de-la-police-24-01-2022-2461816_23.php,Le Point,erreur,0,0,
https://www.ouest-france.fr/pays-de-la-loire/laval-53000/laval-natacha-chetcuti-osorovitz-les-femmes-representent-3-a-4-de-la-population-carcerale-1e92fe90-9884-11ec-a212-1f68235c1350,Ouest-France,erreur,0,0,
https://www.leparisien.fr/faits-divers/feminicides-dans-lherault-les-vies-fauchees-damelie-et-caroline-20-01-2022-E7X6POAPUZFBTPHVH7GVMLP77I.php,Le Parisien,erreur,0,0,
https://www.programme-tv.net/news/tv/296712-exclu-affaire-jubillar-rmc-story-les-confessions-inedites-de-severine-la-nouvelle-compagne-de-cedric-jubillar-video/,programme-tv.net,hors_sujet,391,0,2022-03-18
https://www.lejsl.com/culture-loisirs/2022/01/15/500-livres-en-vente-au-tabac-presse-arnoud,Le JSL,trop_court,99,0,2022-01-15
https://www.tf1info.fr/player/5e01a02e-a78a-4840-92d6-3e04f2ae0328/,TF1 Info,erreur,0,0,
https://www.tf1info.fr/player/771f1471-595b-454c-833e-ee3770f05ee3/,TF1 Info,erreur,0,0,
https://revueladeferlante.fr/le-syndrome-de-la-femme-battue-reconnu-devant-les-tribunaux/,La Déferlante,retenu,954,3,2022-04-28
https://www.lefigaro.fr/faits-divers/adolescente-tuee-en-saone-et-loire-son-petit-ami-de-14-ans-mis-en-examen-et-ecroue-20220610,Le Figaro,hors_sujet,441,0,2022-06-10
https://www.dalloz-actualite.fr/dossier/dessinateurs-judiciaires-essai-de-portrait,Dalloz Actualité,retenu,657,3,2022-04-08
https://www.huffingtonpost.fr/justice/article/le-judoka-alain-schmitt-accuse-de-violences-conjugales-par-margaux-pinot-relaxe-en-appel_197279.html,Le HuffPost,retenu,565,3,2022-06-10
https://www.lejsl.com/societe/2022/07/08/un-documentaire-sur-l-affaire-valerie-bacot-ce-soir-sur-rmc-story,Le JSL,trop_court,129,0,2022-07-08
https://www.sudouest.fr/justice/rejet-du-recours-contre-l-etat-de-valerie-bacot-victime-d-un-mari-violeur-et-proxenete-12920078.php,Sud Ouest,retenu,337,4,2022-11-09
https://www.elle.fr/Societe/News/Le-portrait-de-Valerie-Bacot-expose-a-la-National-Portrait-Gallery-de-Londres-4073902,ELLE,retenu,268,4,2022-10-27
https://sceneweb.fr/sylvie-testud-dans-tout-le-monde-savait-delodie-wallace/,Sceneweb,retenu,638,6,2022-10-16
https://www.telerama.fr/sortir/sylvie-testud-il-faut-aller-bien-pour-faire-ce-metier-7012702.php,Télérama,retenu,210,4,2022-10-27
https://www.lefigaro.fr/theatre/tout-le-monde-savait-sylvie-testud-sous-emprise-au-theatre-de-l-oeuvre-20221012,Le Figaro,retenu,325,4,2022-10-12
https://www.lejsl.com/faits-divers-justice/2022/11/10/valerie-bacot-son-recours-contre-l-etat-rejete,Le JSL,retenu,173,4,2022-11-10
https://www.scenesetcines.fr/spectacles/tout-le-monde-savait/,Scènes & Cinés,retenu,404,4,2024-01-16
https://www.lejsl.com/culture-loisirs/2023/04/25/un-moliere-pour-sylvie-testud-dans-le-role-de-valerie-bacot,Le JSL,retenu,223,4,2023-04-25
https://www.konbini.com/videos/on-a-pose-6-questions-a-nathalie-tomasini-lavocate-de-valerie-bacot/,Konbini,trop_court,39,0,2021-07-06
https://www.tf1info.fr/justice-faits-divers/video-tf1-gabriel-fortin-le-tueur-de-drh-condamne-les-familles-des-victimes-entre-colere-et-soulagement-2261996.html,TF1 Info,hors_sujet,386,0,2023-06-29
https://sceneweb.fr/la-liste-des-nominations-pour-les-molieres-2023/,Sceneweb,retenu,1553,4,2023-03-30
https://www.lefigaro.fr/flash-actu/le-departement-de-saone-et-loire-victime-d-une-escroquerie-20230417,Le Figaro,hors_sujet,275,0,2023-04-17
https://www.cnews.fr/culture/2023-04-25/molieres-2023-oublie-moi-et-la-comedie-francaise-grands-gagnants-de-la-ceremonie,CNews,retenu,606,4,2023-04-25
https://www.franceinfo.fr/culture/spectacles/les-molieres/molieres-2023-oublie-moi-sacre-meilleur-spectacle-du-theatre-prive-le-prix-du-theatre-public-pour-le-bourgeois-gentilhomme-de-la-comedie-francaise_5789708.html,franceinfo,retenu,1811,4,2023-04-24
https://www.femina.fr/article/palmares-des-molieres-2023-cette-piece-remporte-4-molieres-dont-celle-de-la-meilleure-mise-en-scene,Version Femina,retenu,552,4,2023-04-25
https://www.nouvelobs.com/societe/20230416.OBS72243/l-emprise-vue-par-une-avocate-le-suicide-force-est-un-angle-mort-des-violences-conjugales.html,Le Nouvel Obs,trop_court,123,0,2023-04-16
https://www.leparisien.fr/culture-loisirs/oublie-moi-les-poupees-persanes-ou-voir-les-spectacles-recompenses-aux-molieres-2023-26-04-2023-OTBX562ASJFYVNMG5LY473SEZY.php,Le Parisien,erreur,0,0,
https://sceneweb.fr/le-palmares-des-molieres-2023/,Sceneweb,retenu,1424,4,2023-04-26
https://www.lefigaro.fr/faits-divers/saone-et-loire-suspecte-d-une-tentative-de-meurtre-un-individu-fiche-s-place-en-detention-provisoire-20230221,Le Figaro,hors_sujet,276,0,2023-02-21
https://www.femmeactuelle.fr/actu/news-actu/une-adolescente-prostituee-de-force-pour-payer-la-dette-de-son-ex-compagnon-2156780,Femme Actuelle,hors_sujet,325,0,2023-06-11
https://www.closermag.fr/vecu/faits-divers/valerie-bacot-ce-que-son-bourreau-lui-a-tatoue-sur-ses-parties-intimes-1353748,Closer,retenu,320,3,2023-07-29
https://larochesuryon.maville.com/actu/actudet_-pouzauges.-tout-le-monde-savait-sylvie-testud-raconte-valerie-bacot-_-6075735_actu.Htm,- La Roche sur Yon.maville.com,erreur,0,0,
https://www.lamontagne.fr/donjon-03130/actualites/accroitre-la-sensibilisation_14383702/,La Montagne,erreur,0,0,
https://actu.fr/loisirs-culture/sylvie-testud-magistrale-dans-tout-le-monde-savait-au-chesnay-rocquencourt_60274946.html,Actu.fr,retenu,448,4,2023-11-05
https://www.ici.fr/emissions/le-choix-de-france-bleu-perigord/spectacle-tout-le-monde-savait-avec-sylvie-testud-molieres-2023-seule-en-scene-mardi-10-octobre-a-sarlat-5066272,ici.fr,retenu,452,4,2023-09-29
https://www.ledauphine.com/culture-loisirs/2023/11/14/sylvie-testud-dans-la-peau-de-valerie-bacot,Le Dauphiné Libéré,trop_court,81,0,2023-11-14
https://www.24heures.ch/entretien-avec-sylvie-testud-je-me-suis-demande-comment-cette-femme-avait-pu-survivre-699158034913,24 Heures,trop_court,139,0,2023-11-25
https://monaco-hebdo.com/culture/sylvie-testud-a-voir-dans-tout-le-monde-savait-au-theatre-princesse-grace-le-18-janvier/,Monaco Hebdo,retenu,174,4,2024-01-17
https://www.midilibre.fr/2024/01/10/seule-en-scene-sylvie-testud-porte-tout-le-monde-savait-11686161.php,Midi Libre,trop_court,125,0,2024-01-10
https://www.journaldefrancois.fr/taverny-theatre-tout-le-monde-savait-avec-sylvie-testud.htm,Le Journal de François,retenu,243,4,2024-01-27
https://www.lavoixdunord.fr/1424577/article/2024-01-30/tout-le-monde-savait-un-recit-bouleversant-au-theatre-de-cambrai,La Voix du Nord,erreur,0,0,
https://www.leprogres.fr/culture-loisirs/2024/01/08/sylvie-testud-dans-la-piece-tout-le-monde-savait-ce-mercredi,Le Progrès,trop_court,67,0,2024-01-08
https://www.programme-tv.net/news/people/345136-il-nest-pas-juge-je-ne-peux-pas-labattre-sylvie-testud-reagit-aux-accusations-visant-gerard-depardieu-et-se-rememore-un-tournage-avec-lui/,programme-tv.net,retenu,388,3,2024-01-19
https://www.cesoirtv.com/news/actu/1367-manuela-gonzalez-la-veuve-noire-de-lisere-confondue-pour-le-meurtre-de-son-mari-daniel-cano/,CesoirTV,hors_sujet,430,0,2024-02-18
https://charliehebdo.fr/2024/07/societe/feminisme/enquete-le-systeme-tomasini-ou-comment-faire-fortune-sur-les-violences-faites-aux-femmes/,Charlie Hebdo,hors_sujet,151,0,2026-04-29
https://www.lefigaro.fr/faits-divers/chalon-sur-saone-des-traces-de-peste-retrouvees-dans-un-courrier-envoye-a-une-ecole-20241127,Le Figaro,hors_sujet,338,0,2024-11-27
https://www.cesoirtv.com/news/actu/2720-willy-van-coppernolle-violeur-en-serie-reconnu-coupable-d-un-meurtre-il-est-aujourdhui-l-un-des-plus-vieux-detenus-de-france/,CesoirTV,hors_sujet,465,0,2024-11-22
https://www.larenaissancehebdo.fr/actualite-36422-la-clayette-ils-ouvrent-une-double-boutique-speciale-bijoux-et-tattoo,larenaissancehebdo.fr,retenu,422,4,2024-10-29
https://www.lefigaro.fr/faits-divers/disparues-de-l-a6-un-troisieme-homme-mis-en-examen-pour-l-un-des-meurtres-20241010,Le Figaro,hors_sujet,447,0,2024-10-10
https://www.ohmymag.com/news/faits-divers/feminicide-a-bruxelles-mort-d-une-femme-et-ses-enfants-dont-un-bebe-le-compagnon-arrete_art167239.html,Ohmymag,hors_sujet,607,0,2024-11-18
https://www.cesoirtv.com/news/actu/2738-jean-marc-reiser-le-macabre-mode-operatoire-de-celui-qui-a-ete-reconnu-coupable-de-la-mort-et-du-demembrement-de-sophie-le-tan/,CesoirTV,hors_sujet,461,0,2026-03-15
https://www.cesoirtv.com/news/actu/2465-frederic-lepoint-reconnu-coupable-du-meurtre-de-sa-femme-aline-thirion-ce-cambriolage-qu-il-a-mis-en-scene-pour-mettre-sur-une-fausse-piste/,CesoirTV,hors_sujet,443,0,2025-06-21
https://www.lejsl.com/societe/2025/03/13/ce-soir-sur-france-3-bourgogne-retour-sur-le-proces-historique-de-valerie-bacot-et-ses-repercussions-nationales,Le JSL,retenu,152,5,2025-03-13
https://www.lefigaro.fr/faits-divers/saone-et-loire-une-femme-tuee-en-pleine-rue-le-tireur-recherche-20250512,Le Figaro,hors_sujet,280,0,2025-05-12
https://www.telerama.fr/theatre-spectacles/sylvie-testud-depuis-que-j-ai-lu-la-verite-je-me-demande-quel-type-de-menteuse-je-suis-7024334.php,Télérama,hors_sujet,177,0,2025-02-13
https://www.cesoirtv.com/news/actu/3493-danielle-ritorto-la-meurtriere-de-la-riche-retraitee-etait-son-auxiliaire-de-vie/,CesoirTV,hors_sujet,536,0,2026-03-14
https://tribunedelyon.fr/sorties/festivals/moins-de-16-ans-sabstenir-les-chiens-de-navarre-sattaquent-au-viol-conjugal/,Tribune de Lyon,erreur,0,0,
https://www.femmeactuelle.fr/actu/news-actu/cest-parfaitement-faux-les-avocats-de-salah-abdeslam-dementent-une-rumeur-sur-le-terroriste-2189283,Femme Actuelle,hors_sujet,335,0,2025-03-11
https://www.lefigaro.fr/faits-divers/macon-un-blesse-grave-et-six-blesses-legers-apres-une-importante-rixe-nocturne-20250629,Le Figaro,hors_sujet,389,0,2025-06-29
https://madame.lefigaro.fr/celebrites/culture/qui-etait-valtesse-de-la-bigne-la-courtisane-ambitieuse-qui-a-inspire-la-nana-de-zola-20250124,Madame Figaro,hors_sujet,611,0,2025-01-24
https://www.franceinfo.fr/content/4904541/embed/,franceinfo,erreur,0,0,
https://www.larenaissancehebdo.fr/actualite-51757-television-faites-entrer-l-accuse-revient-sur-l-affaire-valerie-bacot-voici-la-date-de-diffusion,larenaissancehebdo.fr,retenu,429,5,2026-06-08
https://www.tf1.fr/novo19/valerie-bacot-pourquoi-jai-tue-mon-mari/videos,TF1+,trop_court,8,0,2026-01-12
https://www.sudouest.fr/justice/valerie-bacot-la-nouvelle-jacqueline-sauvage-jugee-pour-avoir-tue-son-mari-proxenete-3815118.php,Sud Ouest,retenu,540,5,2021-06-18
https://www.reforme.net/actualites/comment-en-finir-avec-les-feminicides/,reforme.net,hors_sujet,168,0,2021-07-12
https://www.bfmtv.com/police-justice/me-nathalie-tomasini-avocate-de-valerie-bacot-je-suis-tres-satisfaite-car-l-objectif-premier-etait-que-valerie-ne-retourne-pas-en-prison_VN-202106250457.html,BFM,trop_court,77,0,2021-06-25
https://www.tf1info.fr/justice-faits-divers/video-c-est-une-immense-victoire-affirme-me-tomasini-l-avocate-de-valerie-bacot-2189853.html,TF1 Info,retenu,450,3,2021-06-25
https://www.lamontagne.fr/moulins-03000/actualites/que-propose-lavocate-nathalie-tomasini-qui-a-defendu-jacqueline-sauvage-pour-faire-avancer-la-cause-des-femmes-battues_14413374/,La Montagne,erreur,0,0,
https://news.google.com/rss/articles/CBMie0FVX3lxTFAyS09wZlE2Y0hoQU9pQk0wWGt1Tm4yNlJ3NGsxVWFjRE42YkNKSGl6eWNMS2RNbHNFZ0t1MDNLZUFmZmNranBDeklibU9SaUFxVGNLeDJOb3p2WWZiNFpJdUJ5THM3UEY2dWJTLXZXZG5hNXJwMXk5VTR0MA?oc=5,Midi Libre,hors_sujet,627,0,2026-06-09
https://news.google.com/rss/articles/CBMi8gFBVV95cUxQLUtHZDN1bk9ZZ1EtTTgzYi1QWG0tVVQ2bjlTZVo2T0xLcHhfUHdZUDREamZVNjNDUnJxeS1KSmhQLUZGWkIxWEk0N25QWlV6RDEyc3h1djIxY0xXX3dYTGp2Q0Z2VEJBeEFucnR1LVc2ZEZCUm90dk5nWjRIcjM1a2RCZ3lHY3NNblhMcVZFQXdoTVpNVTNMSnU5R0lXY1Q2aFZsclZfaGYxOU1VZ3V4Zk0wT3ZIWngyM0Y0cmZhQjUzeUxLRmJrTXdqQ2VwNUhrSWp4OTJLNWU2QXl1OW82enZnb185Znl5eUpLckp3Zl9idw?oc=5,Libération,hors_sujet,627,0,2026-06-09
https://news.google.com/rss/articles/CBMilwJBVV95cUxQVWFqMm9TQnFnX0s3SGM5dTJRb2VjZ05xbGcxLTVaelBwR3M5M3RvTG1qWU93MG9GSS1zQWd1LUg5SnhndmxXc0JVLWNyVGd4RFFkcUo4ZGg5UHV0YTJNTUJITVF1SkdvbXNibk5DN18td1A0ZlkySW9Nck5yVlRXWVF0YzNXWXYyblFLejBGaURCWVZoTHpsMUl4X1pKTG45bGttOW1MWE5pT3pidE9xUHlzS245QWZTOUZMUFl2YzZrbWVyd1lSY2s3S1FuMEpidHZYdjZwUkpHM2N6Nl9HMkFEYXhwcXhKTHN2QlFidVRjdXpJV3ZXOHZRVzNUUFd2WEJnLU9yVDdlMXJ4M0JUaURTMngtS0U?oc=5,France 3 Régions,hors_sujet,627,0,2026-06-09
https://news.google.com/rss/articles/CBMi1AFBVV95cUxOaXAtUnNsbXphcktrWDFqUm11dThacU5ySV93MjREOEV3QW1IVEtpYTBCWS1fNERKYkUtUHlZQW5HX1I5QXNpYmhPU3pMcnp3bFpBVVlBeHpXUGxHQTdXUmF4R2kxbGp3S2JvbDVOWGVSZHdoTk1YcHZQdVdLNTF1M1kxbzlhNXFkR0hpU0hCQXFxR3JpeF93WWNaV3RjVmFwaW9aREN6RnluSWFJUnFraldiMlhsRUplQmp4ZFNhZnZHQk9wQy1CM3JKUEFoeVpFc2tsTg?oc=5,Libération,hors_sujet,627,0,2026-06-09
https://news.google.com/rss/articles/CBMisAJBVV95cUxOYmZ3bWFWRFk0Q2dmUDRZQXhLZkRkcHpZTVFNQ1BFQjlZWkRnbVo5amtoYkFmbTdKam9mbUFsYlZWa2gwS01NczN1aU84Z0NCdno5MV9yQ1R4UDNVZkxibmg0ck1LTlFxcUFyaUgwQWZiV1V3Y29xd1Vlc1E0U2dyc0hpUDRTbVM5a0pqSm1GRnVWX0wtRVdtVkNISm84SEIwZ3dUZzByN3psX3NSM0NUdWFoSzRhU0hmdHUyaFZPQ0xhQ3pzVTRrYmw0VFNvOU1XRm81RUpXa0ZReUNaMDgxR1YzcEtCbGtZdUI3T2dTTjdESTJZUXhFaWN0UEpPTl96UTlxTDEwTU5leWVTamdqSllmNUV6VnRpU0VGVnFaandZUXE3SUpsczNVbjhpTTlh?oc=5,France 3 Régions,hors_sujet,627,0,2026-06-09
https://news.google.com/rss/articles/CBMitgFBVV95cUxQbUlrRDhWb3h2YmNDZjBnXzctbm0tNmNZV0FTWjlTZ1ZGRXBCcjhRUlR2TXRKQVBiMXdKVlVtd0pKcUxNelVQR3laemlDcWpkSkRxamhTUlZhbmZwS3RTWjdONDgwUFBlWGc2V2JQN0UtX1QwS1JRLUVRM0pXdUVYaEhDemlIT1FLZzdtSDJBS0RHQXNsRldwb0xwSmZUclRZLTJ4Y1BHTVpaRkJEclI5TkNqN2JnZw?oc=5,La Montagne,hors_sujet,627,0,2026-06-09
https://news.google.com/rss/articles/CBMi9AFBVV95cUxOdGN6Y2pVRHhQZzc3dTJCNWI3VVVkUjB0NUJjdDJjSlNJM0hBWHUxQVVqQnJiV2N2Q3JlOHpBUTNrbzA2U215eWF2alZDdHlSamlBVG50c1ZyeDF2LVdmTnJSaDdFdi1PYlFRN2kyN0h0WXVUNTZ1NkpPaGlQaFZPdFRMY2tneEtGZUZFTm1VbktybWhMQzJGdDEzVHU5aWlwRnk0QVRXZmlnYmwwaUt6RF9WXzZrVEhmZ1k4SEN1Uk1pWHk1UzRVNGxjRjRsYUZfcHBOeUxfeFdmb3d2Sy1FUVd1WlAtQ3d4VTRGRUlUbFE2eVVH?oc=5,Ouest-France,hors_sujet,627,0,2026-06-09
https://news.google.com/rss/articles/CBMi-AFBVV95cUxPZE95Skd6VGVlcndwSFl4czA3bWlHdjdOOVNFZWVicjFHTmM0ZWNjQ3JXZDFQNFVsNG5lQWtnaUdvYUpmMzBQN2hBanVxNGR0WHpUMTZXT2ZSWlNwNS0tTktndzFNOUhjZjZrck1oX2JCcF9SM3hzUnhPekw4ZHJTa2NFdFdVMlJRMzVRRHAtdFI4amZpR1MwaDRTTTVEU1YxamdFLW9QejhtUmtBeXEtV0RzV3UtZDhhOUlxcXdhak9nOUwtWGRxSXNVaHNjS281N0R3S01oMjFjcVFCZGg3Rk5kblhjektvdXdfRVBfV3R2RnNGX3FFWg?oc=5,Le Figaro,hors_sujet,627,0,2026-06-09
https://news.google.com/rss/articles/CBMiiAJBVV95cUxPR1Fpa3RKWkhQX0ltS1BwZ2lvQkt1eVN3ZU5WWHA2b19UMzRQaGFuS2JRS2FscGdiY0pQU2VmRno1VTUtUFBSUXgyN3prVWQxbmd4M0xQWThxZTdLbEd1R2hKWFNibk9KbWhVZ0xMOUZtb3Q3cHZ6RThGM01zYlEzYkwwSXBkSDZSYWlfdWdENmVEblJ5REJDV09CSndPU2F1UkRMNnZOcTJfSXFfQ09OTS1uOHlhVVZoTzFqeFlfcFB5VVpsLTNYYmVkNWswTjlEN2RaYmI3TEQzNkluaEV0VllKVkhDVk9HTXY3NG1tbVpRc05vT0MwU0RGSEI0dVgtSWZmckN5aGM?oc=5,CesoirTV,hors_sujet,627,0,2026-06-09
https://news.google.com/rss/articles/CBMiggFBVV95cUxQaXNKSzVGdWlkVmtnZlVoQjdJNnpiTDNTcnUxU081T1ZBNDdVZmsweGNqOUFTQklwSUNNUllUZnJGY0NnSkNVbHBxdUIwWlN1OHZoeDBRUXNHNllkV1gzNl8xbEJ1WlFQVEFQRXY2NmJMdnlCYzJ2blVHTFViUmFRWm5n?oc=5,lanouvellerepublique.fr,hors_sujet,627,0,2026-06-09
https://news.google.com/rss/articles/CBMi1gFBVV95cUxPa0tsNnl5M2JEbkpFS2hOREhsMzdrNV9HNUc4OUw4c2xUcWc1UG13cWpFZVFsMGdhZE5QNWNKa2tCTXZjSTg3NkVUV0podGVtZHlIOGRERHd0dG1lZEZhS0h5dzNSeU1zREowUWE3TnlJdHR3OEN4SkZqY2FkOUJ6Y0tTVkpRemxRUFVaT0ZyX0RGWktobGRpcU5XeVZDWWJmOHRPMmc3anJvemVWVjVMSWZKNHdvTHVKQmRrdzdLMVZmQ2c3Y3JFVWtqWFpjS2dKT05qQ1lB?oc=5,ladepeche.fr,hors_sujet,627,0,2026-06-09
https://news.google.com/rss/articles/CBMisgJBVV95cUxQdVpRemZiRzZkYUY4RHhhZkNvVUg4eXNfNi02RTEwaWFINWhnWF9kaGE5MnJjeDdlSkp5ZFozSW5pOHR0Mm1hUEFyeENUbHhmcjVkcUZjejRMOWxKdk4yYWFLSnNSSGRTLThCLVdPUHVTM3VSaEYtU01lV2xMVTBYUWtZbWp2andHMTEtRWlrY0ExOW5fR1BKMUpNcW1nVEZOQmlHSEY3T1lzaFdMNTloVWphVVhvenlRdVdESzRySU9JcXdfdnNlV3dRMWdaeUxGOF9kNXdBYUdaVExGUHBlbjZHZmU2X1ZGanMzU2ZTV0hlQWF2aVNEQ2tUZGtyeWY5MmJXczNWQnJVMEJHUW02ZkZEbFNEWTZJVTJTWlhmQ0RPNW5aU09aN0F4aHlyX3pzVWc?oc=5,France 3 Régions,hors_sujet,627,0,2026-06-09
https://news.google.com/rss/articles/CBMi5gFBVV95cUxPNGYxWVozck5QLUEwNm5ycTFtZUY5UUc3ZVlkUkFCMUhoMmVtNHFFcnljRWVjVG5IejBaRktvT0VrVUxpeXl2ZGJyNkpuSUhOMFFwUTZhV1dMUnFzT1pXSW1qejNFRXNWbVRvQjg3WWo1T0NVRnZwdEVGbkRjMk9WVElqbkxWdVpscl9aOUhUVGlHNUE2T0JZYzdTanNZVGg4WGF4cXRLTFpVNzdMeEVIZmN2Q0FFOW9NLVJlY3RtYnFldjBMb1U3bUdCdTZCaURxajR3VFlCeS0tcnZJY1BaQlRnSG53dw?oc=5,Libération,hors_sujet,627,0,2026-06-09
https://news.google.com/rss/articles/CBMizwFBVV95cUxNSGcxRG9KYUxrZExxc2FyTXhVbWNudVFxUWhCUXZlcGRQdXF5NWwzQ0QzU2JGUmpiLUw0V1lEOTlPWmlST0NfbXdLQ0tJMnJIOHhSMVA1NXVZT1VsYS1Qa2FldWVFa2ZTMThIdXJqVW94SWdFbDFqYlI0VEFMQWJtN1lMeFMxbVNfLXJrVTl2UWF0SWIxcGg1WFhFTVpGY2NMMlNNbjRESkY5eTVjUGFkN2VpRVJmUFQycU5XOU4yX20tVXZwcHhJRjZEZkZ2YlU?oc=5,Ouest-France,hors_sujet,627,0,2026-06-09
https://news.google.com/rss/articles/CBMi_wFBVV95cUxQSms4Z2NqaGhtQ3p1bWJCRnUtTkZOSldMVk4tYnNJR182RWpVZ3pkU3ZWTHlveGVTV1hjOERyTXp4eHFqdndxMDN1ZG9QaE9HU3FWdGZqMUs1OWpWRkszWWRHQldrMjQ1Sm82cFlITlVKQUVmcXNVUEJ3b3BkUkpFdVdPSVF1b0s2SmIxTmR4Q1JZZHhDU3luWEw2SlNEWjdKUXRBMHBibHdqZV9vdmsyR2Z1MFJhYWNJMGF1WFpqU0k0OTcwVHRsalFMY1VFZnpfS0hrOWx2a0h2RVFtbTRwaTEtOVdPWjNKMmxkMDJ5Qlk5cW1KOXRvTE13RmotS00?oc=5,RMC,hors_sujet,627,0,2026-06-09
https://news.google.com/rss/articles/CBMi4gFBVV95cUxOZFhjeFI3aXNXMUM1Y2thNHRjQTdyZnF2eWd3Z25IcTJvQ1VMR2V1YjJHNGlnODAtWDQwc01CTTJJTkVsV2JEME9DVWktVTRpNG9QQlhDcVFfQ09mUUpqTkt4MGdUWHNjTkxGYlUtYVR3RVlEbkRRZXFyYWVCd0tQQjZCNThwOW1tRTRwRVVaWU1uTUxVZlNybzRuYzZwSG5OU09ER2VNd05uVWliaVVISmtUMllucGVILUp2S0FDNHV5QllZWXloY1lyRV92dExna1NKQy1NN2pha1J5N19kdVNR?oc=5,La République des Pyrénées,hors_sujet,627,0,2026-06-09
https://news.google.com/rss/articles/CBMi5wFBVV95cUxPV0xQbHd4LV9EbndUNk5KMWZ2TkxJNjJ3MEs2UElBU05mV25JR3hUd0dIQ2dzeHNyYWpqbUt3S0d6Um1icmRhY0Y5SmZTbEpnUGhrb1NxX3padUN3ejJjeV9hRURNRGl4ZWZkczVlN1dRc2RndXlsQTFyQlVvckNoQWdIRVgydmxUZmJaUHp3QzUySmtzVk1CSFRFdmRhV1c3Z3RxN3d1QzEtTDAyUHRKRFE3Z2R2eHBNclpCZjRmZUFsa2ZvOUZITDJvV2VVMlplMVRJYUJabzhlZndjNWtVUTJqSEcwcjA?oc=5,Ouest-France,hors_sujet,627,0,2026-06-09
https://news.google.com/rss/articles/CBMi0wFBVV95cUxNY1E2Z3VpdXFMN1VDTU0zcnZyUFk4a0I2NkdOTkFUSTM2bnN4cWRDMkxZdkV6S3dRRk1ZVldmS3JBY01HUmtBejRXNi1MRnc2ZFVRTUhHazcxMDlEamNxNEZ6Q1BQZHFlNVkxNHc0dHdZajJhaVEyaFY1aWtZdEphbGE4cm9oUVc0MkdnOWlUZ2pWM1A0V1ZNaVRDZ0pySTNReWgyZHZ3TWdaQ3JjT1J3bHNGUlFkZFp6Z0FLV1BaWV9MMDhnX0NqRmhYOHV2UEVNSEpR?oc=5,ici.fr,hors_sujet,627,0,2026-06-09
https://news.google.com/rss/articles/CBMifkFVX3lxTFBBY3IwUElpcG1ybm83VjdUcE1ZbGJPTzZta1NEY2wyT3Q1LUpJcENTN3psMEV6a3JMWHJMVG1kLWdKdHI2WExYWlZHa2FKZ1NCVFdSTy1sRFFTUzh4N1NORHZxcXUtMjg3c3J5STBtUWxXaF9Lc21INmJUcWwyUQ?oc=5,Marie Claire,hors_sujet,627,0,2026-06-09
https://news.google.com/rss/articles/CBMi1gFBVV95cUxNalFFdFBpdFRnZExlN3FtV3AzRGRPQmh5M2ExN21kZ1lmUGw2cDFvSTFIMzMwRVNNRUVVVWRBT0ZXVzVjN1NjcEJnZ291V0VjdVdJZ293R05jeFU4bXpPeDEyM2FLUVFMbkNXZGNGMlpzWWViWXNlMFQyM1NnVFNxcFpqSXVkT0tjOGFoUWxEM01KN1ZhR1VSLVFKV3BKUERVOTZzMzNxVzlvQllhenQ3NlhrZGE0ZFh4cGtYTDlMU1RfZk83Qy1uNjhJczhlQVRNMEhhdW1B?oc=5,Le Figaro,hors_sujet,627,0,2026-06-09
https://news.google.com/rss/articles/CBMiqwFBVV95cUxPdXdXZzYwTWdHZkJ1cDIxWXZIR0dYellWQzJhMV9tWkFLZ1ZPZ1FYZHpfVU0yNWlyYlJZOU93cTFDM1FiUzg5czhLdzI3TWl6NFZoeUV3RTZrQno2OV9JcWN0c05BYWdCeFlKQnZKQTB5OTNxVllfYmtWT0JqNktER1VsQ0ZVWGc4aDEwNlIzeXdpODJtNmtZcS1YWVkzQktLUTV4RjBRLXBnZ1U?oc=5,Le Bien Public,hors_sujet,627,0,2026-06-09
https://news.google.com/rss/articles/CBMikAFBVV95cUxPN1FWNVI4SE1vUTFrNXdTZm1EcE1XUEp3alpCbkNfMnFJLVFjcmN6Y1NfemhJemRaNURub1lnY3BWOTZ1Tk9sYXFXMHhzVW5Ka3p4dDhOaFNfX3JKNWNZZ0ZzTWJoTVU0NU5YVTh2NVRweEhkVFNRWTI2ck9nbkN4V3lxcGMwWi05MnJSOHhrZGQ?oc=5,Le JSL,hors_sujet,627,0,2026-06-09
https://news.google.com/rss/articles/CBMi_AFBVV95cUxNbFZnWm10Wkl5NHZjeFFoR1RMNmtVVnRwdHVSdXZMUFY2RVlVVW5iZnduZEs4cEU1cGR4aVdpSWtIVm1DNWxNR3dfejdDbU9ad3FYbGtHb3lTSXlKU1lpaExfdVpLMkJNZFhmcTdHYVk3azZnRXN6WFJ2N3Y5NWltSy05MmZicFVtWnBqY0xnTVRWdnFDZmhxQWsyM0dtY3VHclBpUnpBQnhwVjBNbTZubVVER3E0UDNoeGtnTnlrb3EyV0RudVZ5RWU5WFhsbS1hU2FDZTBJSm9mNVJFcmpHeURKQS1hYlpMc2hqZkpqNFZIalJTY2hkdFNScTQ?oc=5,ladepeche.fr,hors_sujet,627,0,2026-06-09
https://news.google.com/rss/articles/CBMivAFBVV95cUxOcUhIV3BwLXdwYkR4RkUzOXlrQzJHakNBRzE4SGJ3OVY3blFmSjFwODNIZzRJY1lJWTJUOHpoRkstYUZiVEJmdDc2eGRhTHh5ZzctTThmV1ZEY0tDRDMyaTZOLTJmUV9sLUNjWnZsOXd0STdmb2dJbGhnTlpXaUhQYnhCeG5lMURyZmNLTUhrRER6Mng2R3h5MFFrQWhSZkVpTVA0enE1c2tvZVNQNG93akFRZE9tQTdNeV9JdQ?oc=5,programme-tv.net,hors_sujet,627,0,2026-06-09
https://news.google.com/rss/articles/CBMilgFBVV95cUxORTVJZG9KYzlUcjBmVDB0MXlGclNiTmJWR1c2dVZmQm43MkhISEV2VlVpZkRoaWM0bHQyVWt3QWR6MHBVOHVMelNJUUxSdXVDQmJSVi15MnkyUThmWXg2SHBQWW03bHVBM2tTdGZaX0FHXzhxaE9HeUZFMGNiTlhlNlJjZ1JNbnFFc2hXZ3REOHJ5bW4xcHc?oc=5,Sud Ouest,hors_sujet,627,0,2026-06-09
https://news.google.com/rss/articles/CBMi3AFBVV95cUxQY0xuSE1JMGQ4Z2FsdUpoY3U3RHljejNUa1lYSDI2bHB4bmdpXzNWbzRCaWo0WWJSeHBPc2poaFhkSENqeEJDR2hoRUtEMDB3c25pMWdCVHFNWGtKbVlDSjd6V3MxbkNmQ0NfR0ZIeGczdXh3NkpEcW5fMVRFeV9jOXphT3c5bWUzaVRGOC14SkF5blBpcGJLbXhSWGIyTU5XdzQ1a2otVXRsd1BnRVJsMDgxZnNKUUtOcVA3eVV2WEtQR012ZmVYTE1BMXhyNGRJdFl0c28tNm5VRVIw?oc=5,L'Humanité,hors_sujet,627,0,2026-06-09
https://news.google.com/rss/articles/CBMi3wFBVV95cUxQX185cjkyaHNKdmdfSldxZVhoS09UcGRUOEVTMnpBeVdqYmtENTIwUVdJZl8zNGZwRURnUjRmQ2JTVjJCV3pDSWsxWVdqRzB5RWZlcmJ4TW9ZRWhoUExIS2JUV2RwWW9yaWhJTXlsWmJLbEhNTWlSenBDX1JuWm9tNHh0bnA3RE1YaTUyd2ZPV0VHU1RxYmozWHdfdzE1Qy1COWVjYmc4Z0xlN0hCQ2VLTHN1c3BCNGRqVWRjS1l0M3AwNEV6M0pnd1RyVHQ0QmJwcUJKLS1YTmR2aXA1Ml8w?oc=5,larenaissancehebdo.fr,hors_sujet,627,0,2026-06-09
https://news.google.com/rss/articles/CBMiwwFBVV95cUxNR093YW5MVnotY0NoMlBNMklrV1hsZ0syejJTYURrNmU4VV9jMEhodVZSSTZ4dnRLQ0VfOXo0cHFjWEYtcVJvUVVVN2hGQk11SW1fMlIzNy1MV3haNzc0ckNZWTNMLWxhY0hkeDRPeGF5dTN4dm9RX1Q1RG8xb0pETU5Lai1zVzZGVi1mdUQ0QzFueHMybUdueDFVb2xHLUZSVHNpQ3dXNUR2UC1UYU5KTHVlMS1POE5LWmdHNHJxeDRSTU0?oc=5,Le JSL,hors_sujet,627,0,2026-06-09
https://news.google.com/rss/articles/CBMi4wFBVV95cUxPUlVsOFVOcjl6QjA2cjBwR3gwRDYzRGxOQjhGVTBpWC1MLVByWjZUd0gtaEtnY3dLbXZBYnBWZFVsMHF4X3dRZWhhYXZPZ1dLbmplREVFaGlLVlUxaGZscjlJM0JreHZrSC1JcTRnalA1N0NqWFF6UWJ3dlJqT19NTnd2OWdneXpmeHFveUQtNVE3Uy1HYmlENU5XNWt2ZlpFeHVSWk8ybXQwT1QxaDFCOFJwbFhZQzJPM3dRVnZpYnJ4NHRtRmllQ19vdFhNRVZCVmhSR3lBMFZ6dFQ4ekcwSWFqYw?oc=5,ici.fr,hors_sujet,627,0,2026-06-09
https://news.google.com/rss/articles/CBMirAFBVV95cUxNeUY3RVNmcmtXX096WnVtMl9hcWtHdG5seVlYcGtIMnVVQkNobnRpa3BtWHFXMk05Vi1IUmk1TllpdkRhdERQUG9rR0pOUG9McDdWSmdvck9ELTlhWU5NQUdyakhucTB0YUNNUHhIQmc4bDF3MDFOZ0d1ZmFCSDhuclRDSXJfUDVLd1hldm5mTUM4TFFRRmV2VjBpMnU5UWRhVUlreGQ5MGs5NjBy?oc=5,Le Bien Public,hors_sujet,627,0,2026-06-09
https://news.google.com/rss/articles/CBMitAFBVV95cUxPbDFhT1d3c2lUTDNLVlBqa1JvXzR1bVFKcHNyT05USkZtZjRiblh4elBRT1A1SjhESGtMb2R2MnFVX3o0bkoyYTBpMG0wcFEyYkgzLWVSbmw1YVNUbU1IWXVSQ3BKeW9BcEh0Nm9jeGxhTndDeVRlRjRBYS1HdW9PRllYVzA0a2ZrYWdZVjhVM2lwRUJnc2JQakxJeUFCaVZlQU02VTM0OHhmOFFiSThfazJOS2s?oc=5,RTBF,hors_sujet,627,0,2026-06-09
https://news.google.com/rss/articles/CBMi1gFBVV95cUxNdFEtazFMMVF3S2szU3JNdnhWZmdOYm1zYklxNnQ2RTVvWDZsNFFiY0QzV3Yzc0dkMU1tR1paUEF6aDYtbnBrcnM4cmhlUm8tZWlfRXpHX1pHTXltTFpSajJaaE9ZOGtBNjlVQzFrR0JRN2FjZDVFeTZxVnBNMnlCcGx5WFphYUdtSENneEw1T1hqSXhxa3NBOXJsT3JfZlZERXZNaTg5NmZ6Vm1iN0oyRV9tZXNuNlhaN05KaFJ1eHoxT1pGS21zV25vMHZ1WEh5c0M3SVpR?oc=5,Marie Claire,hors_sujet,627,0,2026-06-09
https://news.google.com/rss/articles/CBMi1wFBVV95cUxORHFlX2pYMEJZZUlzU0pKRnFHMW9hbE1EWDFiVFE5Z0pUNTF1dzBYNVRuMHhtbXpJZzVKQnZydUR5NklYRGhnbDVOaEJTVHRvTTh6cUF1cXVvalZDRWMyOTJURFdibDJEeG1PT1RrU2JwM3g4SUhYbWJlcXNEWXZwRTdDcnBtN1RtOG5NdTNYX29OQTNDaGNrdmVBVk5PQkloWGYtTnZIVzJGWnNucnluV0cwdzdCeGZZcUJGVk1xaDk4VS13Yy1NWXhKOEtuWTMwUm1JNHByNA?oc=5,Madame Figaro,hors_sujet,627,0,2026-06-09
https://news.google.com/rss/articles/CBMiuwFBVV95cUxPN1JzOTdKS3ViMHRVX2FFc3JYQzFRTF9VMTgzRUs1cUtLbUN2ZG5HVmNHMlljOU1rVFozeXBxNmh6bG51cU53OVcyS2E1UEdzMUdKWVFSMDNVQ2dZUlBuLThxQjRHcXZ5Y3dXWEtZR21YaGlpcTM4bDE3ZHNOOU9nM2RlV1NtOTNrQkRZbGJaQ3hfSEM3YXoxX19rRVZtOG5kV2VnQk1veXVwSGhWcHNZUVdUUnFQMjdzOUxR?oc=5,Le Bien Public,hors_sujet,627,0,2026-06-09
https://news.google.com/rss/articles/CBMitAFBVV95cUxORTk5amlmUDlnLU9LNDVSTXc1MzNuM2VjWnFpTzQ3aWxNSkpydEp1VGYybXdtdkZNd3E0OUpOUGZoMGxFdFpHZGozYksyM2VGTGQ1UjBYc0MtczhxYlhhZ0ZmdnNldVpCdkRnY0p2MF9Rd1NPV2NUcHQxVkY3OWxXVHN6bVhSNDV0NFllN25xbnFYOXczXzgtdU5tR2FDNFZzcjVvRkZvSmpPanRlc2RBcVpScnU?oc=5,Le JSL,hors_sujet,627,0,2026-06-09
https://news.google.com/rss/articles/CBMi1AFBVV95cUxORmc1VFFYcy1ScXdMZURpUEhWVlhNZmw0NEMwV2VYR2FIWi03d1hHcWNVSzJaSThnVE9QOExiRmJPRHJheVpFWjI3RFBCWldOZVk3RURCeGU2U1BHTVlPOGllbkliRF9DRWViREFIY05iRU44cUF1dUtOQzlvc0xqeHRrZk16eHZ6eXRlblcySm03Zlk3YkFvZHFFZjFBXy1LZ3psX05ON2hJZ2wwa2pvSEZaWVp2aTRKdGhES2dBTk94VHV0X2dSNGNjWHN0T3pjX3cyUw?oc=5,Marie Claire,hors_sujet,627,0,2026-06-09
https://news.google.com/rss/articles/CBMitAFBVV95cUxQZXhkczZVT3pNVkVMaHVHTXd4TkNkTU9GTEpxS2xYcTFTYklLbi1GbC1VQ0xBaXZnNGZac0dSYmY3dHBNSjJ1dTdOOG5BZ0RMWkF0ZjRLTlF4MG5vYTdScDFKZWpSVnVncC1XLXc3RktobjI4Y3ZxMk4ydHBXckVQR3U4M2Z6U2FtcHVqRkVvS3djTGNSeEQyWkhNMDJOVnloeWdEMzcyTW8tdy1RcFlIZ0kxdFI?oc=5,Le JSL,hors_sujet,627,0,2026-06-09
https://news.google.com/rss/articles/CBMi0gFBVV95cUxOYjRzRDRGSzRNS0ZMa3p1b1kyOFp2X1ZYR3prMmVpUU52LW9DQWZzSFQ4cjFmdlZTVTZ3cHYtRHdNTkU0dEt2OWVTTWxmc0ZkMlRraUo5ZG5BQ1hQb0dUc2t3UFE0bmI4MkJ0SklNT0k2LV85SDZGODVZTFo2endxQ1pPRmV6Y2JRZVd5My1qMlFCNEE0VkxoWlcxQkNyc0FjNTdfNko5OHE4RVpkM3Fpc3RHSGpwUk1kbnlxQ3V5bXN5NUM0QUhDZGh1YUN6UnUzanc?oc=5,Le Dauphiné Libéré,hors_sujet,627,0,2026-06-09
https://news.google.com/rss/articles/CBMiwAFBVV95cUxOR0cxWWN2aEtZTk9DdWhaYi15VFkyM0QzMzg0Vi1IN3Bob3FKMjlTSlFWU1JQM3hGeUF1WnNfU0hHbDB4TVNJQ2MyeHBrajVIRGFMeU9PZlJCLUl1LTRjUlBLSUtickdsSjR0UnJKbm5USVpNeUEzQ3FvMlk4LWRHaEVWSVA2UGxlNkFmd1NYSGItX1c5SDJ3Q09oTHh0RHc1Q2RWU25JcGRfNHdVNURJLVR4MFZ5MFcwWjJVSGdRSjI?oc=5,Le HuffPost,hors_sujet,627,0,2026-06-09
https://news.google.com/rss/articles/CBMiogFBVV95cUxNRVJYdklGemtxT2xEWFBUUkhuRDBzLTVrcU1odUcwT2VmSnZPczZlV1gySXdya2xyU3E3YXpGUUZSb1ZqZ0tXR0ZTdEI5Q0FmVTNmbHVkZEswS3ZWOXVUVGZraG9oRl9BMG1lbjE4OEhtYUFuMlNTMEJLNVgxdnFFNDVseGJ0d2lIa1BONkh4UDhIeGx0T3RGSVBwaUhxRDNoOXc?oc=5,Legit.ng,hors_sujet,627,0,2026-06-09
https://fr.news.yahoo.com/t%C3%A9moignage-gla%C3%A7ant-val%C3%A9rie-bacot-victime-043000086.html,Yahoo Actualités,retenu,581,4,2021-05-26
https://www.europe1.fr/culture/jai-dit-je-taime-au-cinema-comme-je-nai-jamais-ose-le-dire-dans-la-vie-confie-sylvie-testud-4139013,Europe 1,retenu,359,4,2022-10-08
https://www.sudouest.fr/justice/la-mere-de-valerie-bacot-depose-plainte-contre-sa-fille-et-son-editeur-pour-diffamation-4166139.php,Sud Ouest,retenu,349,4,2021-07-15
https://www.republicain-lorrain.fr/culture-loisirs/2023/12/04/la-comedienne-sylvie-testud-tout-le-monde-savait-aide-a-ouvrir-les-yeux,Le Républicain Lorrain,trop_court,134,0,2023-12-04
